{"intents": [
    
    { "tag": "greeting",
    "patterns": ["hi", "hi there", "hello", "good day", "hey", "yo", "sup", "howdy", "hola", "greetings", "good morning", "good afternoon", "good evening", "morning"],
    "responses": ["Hello ~", "Hi there!", "Hello there!", "Good day!"],
    "context_req": [""],
    "context_set" : [""]
    },
    
    { "tag": "welcome_back",
    "patterns": ["i am back", "i back", "i'm back", "back", "did you miss me", "i've returned", "i have returned"],
    "responses": ["Welcome back!", "Good to see you again.", "I missed you!", "I'm glad you're back!"],
    "context_req": [""],
    "context_set" : [""]
    },

    { "tag": "intro",
    "patterns": ["what's your name", "what should i call you", "who are you", "what are you", "what do i call you", "what is your name", "tell me about yourself", "your name", "name"],
    "responses": ["My name is Van Gogh Bot", "The name is Van Gogh Bot", "Van Gogh Bot!"],
    "context_req": [""],
    "context_set" : [""]
    },

    { "tag": "bye",
    "patterns": ["bye", "see you later", "goodbye", "i'm leaving", "bye bye", "good bye", "see you", "later", "peace out"],
    "responses": ["Goodbye~", "Hope to see you next time!", "Bye!"],
    "context_req": [""],
    "context_set" : [""]
    },

    { "tag": "thanks",
    "patterns": ["thank you", "thanks"],
    "responses": ["You're welcome!", "No problem ~", "My pleasure!", "Of course!"],
    "context_req": [""],
    "context_set" : [""]
    },
    
    { "tag": "likes",
    "patterns": ["what do i like", "what am i interested in", "what are my interests", "what do you know about me", "do you know what i like", "what do i love"],
    "responses": ["I believe you are interested in "],
    "context_req": [""],
    "context_set": [""]
    },

    { "tag": "dislikes",
     "patterns": ["what do i not like", "what do i dislike", "what do i hate", "what don't i like", "what i don't like", "don't", "dont", "do not", "not", "don't like", "hate", "dislike"],
     "responses": ["I believe you aren't interested in "],
     "context_req": [""],
     "context_set": [""]
    },

    { "tag": "teachme",
     "patterns": ["what do you do", "what can you do", "what do you know", "what can i learn", "teach me something", "teach me", "i want to learn", "tell me something"],
     "responses": ["I know a few topics about Van Gogh: sunflowers, asylum, museum, nature, paintings, night, brother, artist, works, gogh"],
     "context_req": [""],
     "context_set" : ["topics"]
    },

    { "tag": "noanswer",
    "patterns": ["", "what", "say something", "uh", "idk", "uhm", "something", "anything"],
    "responses": ["Sorry, I don't understand. Do you want to learn something about Van Gogh?", "Didn't quite get that. I can tell you some stuff about Van Gogh, would you like that?", "Apologies, I don't understand. Are you interested in Van Gogh?", "Sorry, I don't get what you're saying. Want to learn about Van Gogh?"],
    "context_req": [""],
    "context_set" : ["asktopics"]
    },

    { "tag": "yesoptions",
    "patterns": ["yes", "yea", "ye", "sure", "okay", "ok", "oki", "what can i learn", "i want to learn"],
    "responses": ["I know a few topics about Van Gogh: sunflowers, asylum, museum, nature, paintings, night, brother, artist, works, gogh"],
    "context_req": ["asktopics"],
    "context_set" : ["topics"]
    },
 
    { "tag": "nopeoptions",
     "patterns":["no","no i do not", "no i don't", "not really", "sorry", "nope", "nah"],
     "responses":["You're missing out, just ask me to teach you some facts ~"],
     "context_req":["asktopics"],
     "context_set":[""]
    }
]}